{
    "loss": 7.137570858001709,
    "accuracy": 0.5686274766921997
}