{
    "loss": 8.98604965209961,
    "accuracy": 0.4313725531101227
}