{
    "loss": 0.06233536824584007,
    "accuracy": 0.9901960492134094
}